컷,장면,장면제목,시작(초),끝(초),길이(초),스타일,대본,자막,화면구성,이미지프롬프트,사용이미지
1,1,훅,0.00,5.42,5.42,P,미국에서 온 친구가 한국 지도를 한참 보다가 이렇게 물었어요.,자막 없음,"카페 테이블 위 한국 지도, 외국인 손이 지도를 가리킴","Close-up of a foreign traveler's hand pointing at a paper map of South Korea spread on a wooden cafe table, coffee cup beside, warm window light, shallow depth of field",
2,1,훅,5.42,9.75,4.33,P,이 나라는 왜 이렇게 작은데 이렇게 많은 게 들어 있냐고.,"왜 이렇게 작은데, 이렇게 많은 게?","지도 위로 카메라가 천천히 내려감, 얼굴은 프레임 밖","Over-the-shoulder view of a person leaning over a paper map of Korea on a cafe table, face out of frame, fingertip resting on the peninsula, soft afternoon light",
3,1,훅,9.75,16.44,6.69,P,저는 그때 웃으면서 넘겼어요. 그냥 외국인이 하는 덕담이라고 생각했거든요.,자막 없음,"빈 커피잔 두 개, 창밖 빛","Two empty coffee cups on a wooden table beside a folded map, late afternoon sunlight through a window, quiet cafe mood, shallow depth of field",
4,1,훅,16.44,26.17,9.73,P,그런데 이 영상을 준비하면서 자료를 하나씩 찾아보다가 알게 됐습니다. 그 친구 말이 그냥 덕담이 아니었다는 걸요.,덕담이 아니었다,"책상 위 자료 더미, 노트북, 형광펜","Desk covered with printed reports, maps and sticky notes under a desk lamp at night, a laptop glowing, research atmosphere",
5,1,훅,26.17,32.77,6.60,I,"한반도 남쪽, 딱 10만 제곱킬로미터. 세계에서 109번째 크기예요.","100,363제곱킬로미터, 세계 109위","한반도 남쪽 지도 등장, 숫자 카운터","Outline map of South Korea alone glowing softly at center, thin measurement lines around it, minimal",
6,1,훅,32.77,40.93,8.16,I,미국의 백분의 일도 안 되는 땅입니다. 서울에서 부산까지 KTX로 두 시간 반이면 가는 나라예요.,"미국의 100분의 1, 서울-부산 2시간 30분","미국 지도 위에 한반도 겹치기, 이어서 KTX 질주","Flat map comparison, outline of the continental United States in dim gray with a tiny glowing outline of South Korea placed over Texas for scale",
7,1,훅,40.93,47.46,6.53,I,"그런데 이 땅에, 미국이 대륙 전체에 펼쳐놓은 것들이 한 번에 들어가 있습니다.",자막 없음,한반도 3D 지형도가 어둠에서 떠오름,"Glowing 3D relief map of South Korea rising from darkness, mountain ranges, rivers and coastline lighting up in sequence, cinematic top-down angle",
8,1,훅,47.46,56.78,9.32,P,오늘은 우리가 매일 밟고 있는데도 한 번도 제대로 계산해 본 적 없는 이 땅의 진짜 가치를 숫자로 따져 보겠습니다.,국토의 진짜 가치,"출근길 보도블록 밟는 발, 이어서 숫자들이 화면에 떠오름","Low angle shot of pedestrians' feet walking on a Korean city sidewalk at morning rush hour, motion blur, warm light",
9,1,훅,56.78,62.44,5.66,I,"산, 물, 세 개의 바다, 그리고 갯벌. 이 순서로 갈 거예요.",산 / 물 / 세 바다 / 갯벌,"산, 물, 바다, 갯벌 아이콘 네 개 순서대로 켜짐","Four minimal glowing icons in a row, mountain, water drop, wave, and mud flat texture, evenly spaced",
10,1,훅,62.44,65.58,3.14,I,그리고 마지막에 반전이 하나 있습니다.,그리고 반전,아이콘 끝에 물음표 등장,"A single large glowing question mark centered on a dark background, subtle light rays, minimal",
11,1,훅,65.58,74.25,8.67,P,"제목에 신이 편애했다고 써놨는데, 사실 그 말은 절반만 맞아요. 나머지 절반은 끝까지 보시면 알아요.",절반만 맞아요,화면이 대각선으로 절반은 밝고 절반은 어둡게 갈라짐,"Frame split diagonally, one half a bright sunlit Korean landscape and the other half the same landscape in deep shadow, sharp dividing line",
12,2,"산, 없던 숲을 만든 나라",74.25,83.12,8.87,P,먼저 산부터 갈게요. 우리나라 국토의 63퍼센트가 숲입니다. 629만 헥타르.,"산림 63퍼센트, 629만 헥타르","울창한 산맥 드론 광각, 63퍼센트 원형 게이지","Aerial drone view over endless layers of dense green Korean mountain ridges at early morning, thin mist between valleys",
13,2,"산, 없던 숲을 만든 나라",83.12,89.28,6.16,I,"OECD 국가 중에 4위예요. 핀란드, 스웨덴, 일본 다음이 우리예요.",OECD 4위,국기 네 개 순위표,"Four stylized forest silhouettes in a row decreasing slightly in height, each on a small podium, the fourth highlighted",
14,2,"산, 없던 숲을 만든 나라",89.28,98.95,9.67,P,"그런데 이게 원래 이랬던 게 아니에요. 1953년, 전쟁이 끝난 직후 사진을 보면 산이 다 벌거숭이예요.",1953년,"흑백 톤, 나무 없는 민둥산","Black and white 1950s style photograph of barren eroded Korean hills with no trees, gullies carved by rain, dusty path, archival film grain",
15,2,"산, 없던 숲을 만든 나라",98.95,106.20,7.25,P,"일제강점기에 수탈당하고, 전쟁 때 불타고, 남은 나무는 땔감으로 다 베어 썼거든요.","수탈, 전쟁, 땔감","지게에 땔감 진 사람들, 잘린 그루터기","Black and white photo of villagers carrying firewood bundles on wooden A-frame backpacks down a bare hillside dotted with tree stumps, 1950s Korea",
16,2,"산, 없던 숲을 만든 나라",106.20,110.16,3.96,P,겨울에 난방을 하려면 나무밖에 없었으니까요.,자막 없음,"초가집 아궁이에 나무 넣는 손, 연기","Close-up of hands feeding thin branches into a traditional Korean clay firebox under a cooking pot, smoke, dim winter light, sepia tone",
17,2,"산, 없던 숲을 만든 나라",110.16,118.08,7.92,P,"그때 우리 산에 서 있던 나무의 양을 1이라고 치면, 지금은 29입니다. 29배예요.",1 → 29,"숫자 1이 29로 커지는 카운터, 배경은 같은 산의 좌우 분할","Split-screen before and after of the same Korean hillside, left half barren brown eroded slope in faded sepia, right half the identical slope covered in thick green pine forest today, seamless center line",
18,2,"산, 없던 숲을 만든 나라",118.08,129.06,10.99,I,"헥타르당 나무 부피로 따지면 165세제곱미터인데, OECD 평균이 131이에요. 우리가 평균을 넘어섰다는 거예요.",한국 165 / OECD 평균 131,막대그래프 165 대 131,"Two vertical bar chart columns made of stacked tree trunks, the taller one glowing green, the shorter one gray",
19,2,"산, 없던 숲을 만든 나라",129.06,137.87,8.80,L,어떻게 했을까요. 1973년에 정부가 치산녹화 10개년 계획이라는 걸 세웁니다.,"1973년, 치산녹화 10개년 계획",1970년대 녹화 포스터 느낌 그래픽,"1970s Korean government poster style illustration of citizens planting trees on a hillside, bold retro colors, slightly faded paper texture",
20,2,"산, 없던 숲을 만든 나라",137.87,147.98,10.11,I,"목표는 딱 하나, 전 국토의 녹화. 산림청을 내무부 밑으로 옮겨서 전국 행정조직을 전부 나무 심는 데 동원했어요.",전 국토의 녹화,지도 위에 조림 구역이 시군 단위로 퍼져 나감,"Map of South Korea with small green dots spreading outward from cities until the whole country is covered, animation still",
21,2,"산, 없던 숲을 만든 나라",147.98,152.66,4.68,P,그리고 진짜 중요한 걸 같이 했어요. 연탄이에요.,연탄,연탄 클로즈업,"Close-up of a single black cylindrical Korean coal briquette with nineteen holes, resting on gray concrete, soft side light",
22,2,"산, 없던 숲을 만든 나라",152.66,161.31,8.65,P,나무를 못 베게 막기만 하면 사람들은 얼어 죽어요. 그래서 무연탄을 대량으로 캐서 농촌까지 보급했어요.,무연탄 대량 보급,"탄광 갱도, 이어서 연탄 배달 리어카","Stacks of black coal briquettes piled in a narrow 1970s Korean alley, a wooden delivery cart, soft winter light",
23,2,"산, 없던 숲을 만든 나라",161.31,165.00,3.69,P,땔감이 필요 없어지니까 산이 살아난 거예요.,자막 없음,민둥산에 어린 묘목이 줄지어 자라는 장면,"Rows of knee-high young pine seedlings on a formerly bare Korean hillside, fresh green against brown soil, spring light",
24,2,"산, 없던 숲을 만든 나라",165.00,175.36,10.36,I,10년 계획이었는데 6년 만인 1978년에 목표를 넘겼어요. 108만 헥타르에 나무를 심었습니다.,"1978년 조기 달성, 108만 헥타르","타임라인 1973에서 1978, 목표 108퍼센트 달성 그래픽",Simple timeline bar from 1973 to 1982 with a glowing marker stopping early at 1978 and a filled progress bar overshooting its target,
25,2,"산, 없던 숲을 만든 나라",175.36,184.01,8.66,P,1973년부터 2013년까지 심은 나무를 다 합치면 65억 그루예요.,65억 그루,"수백 명이 산비탈에 줄지어 묘목 심는 모습, 카운터 65억","Hundreds of people in 1970s Korean work clothes planting tiny pine seedlings in neat rows across a bare hillside, wide shot, overcast sky, documentary photograph feel",
26,2,"산, 없던 숲을 만든 나라",184.01,188.45,4.44,I,국민 한 사람당 130그루씩 심은 셈이에요.,1인당 130그루,한 사람 실루엣 옆에 나무 130그루가 채워짐,"Single human silhouette beside a dense cluster of small tree icons filling the frame, simple scale comparison",
27,2,"산, 없던 숲을 만든 나라",188.45,192.34,3.88,P,유엔 식량농업기구가 이렇게 평가했어요.,유엔 식량농업기구,"유엔 회의장 느낌, 연단과 마이크","Empty speaker podium with microphones in a large international assembly hall, soft formal lighting, shallow focus",
28,2,"산, 없던 숲을 만든 나라",192.34,199.64,7.31,I,2차 세계대전 이후 황폐해진 산림을 완전히 복구한 나라는 지구상에 한국 하나뿐이라고.,"전후 산림 복구 성공, 세계 유일",세계지도에 한국만 초록으로 켜짐,"World map in dim gray with only South Korea glowing bright green, subtle radiating rings",
29,2,"산, 없던 숲을 만든 나라",199.64,207.32,7.68,P,미국도 러시아도 숲이 넓죠. 근데 그건 원래 있던 거고요. 우리는 없던 걸 만들어낸 거예요.,원래 있던 숲 / 만들어낸 숲,"시베리아 원시림 항공, 이어서 한국 인공림 항공 대비","Aerial view of endless untouched Siberian taiga forest stretching to the horizon, cold blue light",
30,2,"산, 없던 숲을 만든 나라",207.32,211.50,4.18,P,이 차이는 뒤에서 다시 얘기할 거니까 기억해 두세요.,기억해 두세요,카메라가 숲 위로 상승,"Camera rising above a thick green Korean pine forest canopy into golden morning light, endless ridgelines behind",
31,3,"물, 20억 년 화강암이 걸러낸 물",211.50,221.94,10.44,P,"다음은 물이에요. 우리나라 연평균 강수량이 1,300밀리미터입니다. 세계 평균의 1.6배예요. 비가 많이 오는 나라예요.","연 1,300밀리미터, 세계 평균 1.6배",장마철 산에 비 쏟아지는 슬로모션,"Heavy monsoon rain falling on a misty Korean mountain forest, slow motion raindrops, dark green foliage glistening, moody atmospheric light",
32,3,"물, 20억 년 화강암이 걸러낸 물",221.94,225.87,3.93,P,그리고 이 비가 화강암과 편마암 위로 떨어져요.,"화강암, 편마암",빗물이 화강암 바위 표면을 타고 흐름,"Rain streaming down a rounded pale granite boulder in a Korean mountain stream, wet stone texture, overcast light, macro",
33,3,"물, 20억 년 화강암이 걸러낸 물",225.87,235.11,9.24,I,"한반도의 기반암 중에는 20억 년 가까이 된 아주 오래되고 단단한 암석이 있는데, 이게 천연 필터 역할을 해요.",약 20억 년,"지질 단면 그래픽, 화강암 편마암 층","Geological cross-section illustration of layered ancient bedrock, granite and gneiss bands, rainwater seeping down through fine cracks",
34,3,"물, 20억 년 화강암이 걸러낸 물",235.11,239.76,4.65,P,빗물이 바위 틈을 천천히 지나면서 걸러지는 거예요.,자막 없음,바위 틈으로 물이 스며 나오는 매크로,"Extreme close-up of pale granite rock face with crystal clear water seeping through a crack and dripping, moss patches, sunlight catching each droplet, macro photography",
35,3,"물, 20억 년 화강암이 걸러낸 물",239.76,245.53,5.77,P,그래서 우리나라 산에서 나오는 물이 그냥 마셔도 될 정도로 깨끗한 거예요.,자막 없음,"계곡의 맑은 물, 바닥 자갈이 보임","Crystal clear mountain stream over smooth pebbles, water so transparent the stones are sharply visible, dappled forest light",
36,3,"물, 20억 년 화강암이 걸러낸 물",245.53,250.54,5.01,P,"산마다 약수터가 있는 나라, 생각보다 흔하지 않습니다.",산마다 약수터,"산속 약수터, 바가지로 물 받는 손","Traditional Korean mountain spring with water flowing from a stone spout into a small basin, a hand holding a wooden ladle catching the water, dappled forest light",
37,3,"물, 20억 년 화강암이 걸러낸 물",250.54,256.23,5.69,P,유럽 여행 가서 수돗물 석회 때문에 고생해 본 분들은 아실 거예요.,석회,"유럽식 세면대 수도꼭지의 석회 자국, 전기포트 바닥 석회","Close-up of a chrome European bathroom faucet crusted with white limescale deposits, hard water stains on the sink, harsh bathroom light",
38,3,"물, 20억 년 화강암이 걸러낸 물",256.23,265.58,9.35,I,여기서 하나 바로잡을게요. 인터넷에 한국 수돗물 UN 세계 8위라는 말이 많이 돌아요. 이거 정확하지 않습니다.,수돗물 UN 8위? 정확하지 않음,인터넷 게시글 그래픽에 빨간 취소선,"Stylized social media post card graphic with a large red diagonal strike-through line across it, floating on a dark background",
39,3,"물, 20억 년 화강암이 걸러낸 물",265.58,275.64,10.06,P,"2003년 유네스코 보고서에 나온 수질 관리 종합 순위고, 마시는 물 순위가 아니에요. 20년도 더 된 자료예요.",2003년 수질관리 종합 순위,"2003 보고서 표지 이미지, 먼지 쌓인 문서","Old paper report cover stamped with the year 2003, dusty and slightly yellowed, lying on a dark desk under a single lamp",
40,3,"물, 20억 년 화강암이 걸러낸 물",275.64,279.53,3.89,I,이 영상에서는 확인된 것만 말씀드릴게요.,확인된 것만,체크마크 그래픽,"A single clean glowing checkmark inside a thin circle, centered, minimal",
41,4,"자리, 사계절과 조용한 땅",279.53,285.62,6.09,I,이 땅이 어디에 놓여 있는지도 봐야 해요. 한반도는 중위도 온대 기후대에 있어요.,중위도 온대,"지구 위 온대 띠 하이라이트, 한반도 위치","Globe view centered on East Asia with a soft horizontal band highlighting the temperate mid-latitudes, the Korean Peninsula inside the band",
42,4,"자리, 사계절과 조용한 땅",285.62,288.78,3.16,P,봄 여름 가을 겨울이 다 뚜렷하죠.,사계절,같은 산골 마을 사계절 4분할,"Four-panel grid of the same Korean mountain village in spring blossoms, summer green, autumn red maples, and winter snow, matching camera angle",
43,4,"자리, 사계절과 조용한 땅",288.78,296.52,7.74,I,이게 당연한 게 아니에요. 지구상에 사계절이 이렇게 또렷한 땅은 생각보다 좁은 띠 안에만 있어요.,좁은 띠,세계지도에 사계절 뚜렷한 지역만 좁은 띠로 표시,"World map with only a thin mid-latitude band lit in warm gradient colors, tropics and polar regions dimmed",
44,4,"자리, 사계절과 조용한 땅",296.52,307.08,10.56,I,그리고 재해요. 독일 구호단체가 매년 193개 나라의 자연재해 위험도를 계산해서 발표하는 세계위험지수라는 게 있어요.,"세계위험지수, 193개국",세계 위험도 색상 지도,"World map heat-map of disaster risk, deep red high-risk zones in Southeast Asia fading to cool green low-risk regions",
45,4,"자리, 사계절과 조용한 땅",307.08,312.17,5.09,I,"지진, 태풍, 홍수, 가뭄 위험을 다 합친 거예요.",지진 / 태풍 / 홍수 / 가뭄,네 가지 재해 아이콘,"Four minimal icons in a row, cracked ground, spiral storm, wave over house, dry sun, glowing softly",
46,4,"자리, 사계절과 조용한 땅",312.17,320.10,7.93,I,"1위가 필리핀이에요. 4년 연속이요. 옆 나라 일본은 17위, 미국은 21위.","필리핀 1위, 일본 17위, 미국 21위",순위표 애니메이션,"Vertical ranking list graphic with three highlighted rows near the top, glowing markers, minimal",
47,4,"자리, 사계절과 조용한 땅",320.10,330.75,10.64,I,"한국은요, 49위예요. 화산도 없고, 환태평양 지진대에서도 벗어나 있어요. 한반도는 유라시아판 안쪽에 있거든요.","한국 49위, 유라시아판 내부","판 경계 지도, 한반도가 판 안쪽에 위치","Tectonic plate map of East Asia with the Pacific Ring of Fire glowing red along Japan and the Philippines, the Korean Peninsula sitting calmly inside the Eurasian plate",
48,4,"자리, 사계절과 조용한 땅",330.75,335.39,4.64,P,태풍은 오지만 필리핀이나 일본이 한 번 걸러준 뒤에 와요.,이웃이 먼저 걸러주는 자리,"위성 태풍 경로, 필리핀과 일본을 지나 약해짐","Satellite view of a massive typhoon spiraling over the western Pacific, its path curving past the Philippines and Japan toward Korea, dramatic cloud swirl",
49,4,"자리, 사계절과 조용한 땅",335.39,345.52,10.13,P,물론 홍수랑 폭우는 있어요. 그래도 이웃 나라들이랑 비교하면 확실히 조용한 자리예요. 이것도 뒤에서 한 번 더 다룰게요.,조용한 자리,"장마철 불어난 한강, 이어서 잔잔한 시골 풍경","Calm Korean countryside at dusk, rice paddies reflecting a pastel sky, distant low mountains, still and quiet",
50,5,"동해, 미니 대양",345.52,349.81,4.30,P,이제 바다로 가볼게요. 여기서부터가 진짜예요.,자막 없음,파도가 해안 절벽을 치는 광각,"Wide shot of dark blue waves crashing against rocky Korean coastal cliffs, spray in the air, dramatic overcast light",
51,5,"동해, 미니 대양",349.81,357.84,8.02,I,"우리나라는 삼면이 바다잖아요. 그건 다 아는데, 이 세 바다가 완전히 다른 바다라는 건 잘 모르시죠.","동해, 서해, 남해","한반도 지도, 동해 서해 남해가 다른 색으로 물듦","Map of the Korean Peninsula surrounded by three seas each tinted a distinctly different shade, deep indigo east, pale turquoise west, teal south",
52,5,"동해, 미니 대양",357.84,367.30,9.47,I,"동해요. 평균 수심이 1,684미터예요. 가장 깊은 곳은 3,762미터.","평균 1,684미터, 최대 3,762미터",동해 단면도 깊이 그래픽,"Cross-section diagram of the East Sea showing dramatic depth, deep blue gradient darkening downward to near black",
53,5,"동해, 미니 대양",367.30,370.66,3.36,I,서울 남산을 열세 개 쌓아도 안 닿아요.,남산 13개,남산 실루엣 13개가 쌓여도 바닥에 못 닿음,"Column of thirteen tiny stacked mountain silhouettes with a tower on top inside a deep blue sea cross-section, not reaching the seabed",
54,5,"동해, 미니 대양",370.66,376.41,5.75,I,동해 바닷물의 89퍼센트가 수심 200미터보다 아래에 있어요.,89퍼센트가 200미터 아래,수심 200미터 선 아래가 89퍼센트로 채워지는 그래픽,Tall vertical water column graphic with a thin line near the top marking 200 meters and the vast dark region below filling in,
55,5,"동해, 미니 대양",376.41,386.34,9.93,I,"왜 이렇게 됐을까요. 동해는 바깥 바다로 나가는 출구가 네 개밖에 없어요. 대한해협, 쓰가루, 소야, 타타르.",출구 4개,동해 지도에 네 해협 표시,"Map of the East Sea basin enclosed by Korea, Japan and Russia, four narrow straits marked with small glowing gaps",
56,5,"동해, 미니 대양",386.34,395.71,9.37,I,그런데 이 출구가 전부 폭이 좁고 수심이 200미터도 안 돼요. 그러니까 200미터 아래 깊은 물은 밖으로 못 나가요.,모두 수심 200미터 미만,"해협 단면, 얕은 문턱 그래픽","Side-view diagram of a shallow underwater sill at a strait, deep water on one side unable to pass over the raised threshold",
57,5,"동해, 미니 대양",395.71,398.71,3.01,I,거대한 그릇에 갇혀 있는 거예요.,거대한 그릇,그릇 모양 단면에 심층수가 갇힌 모습,"Stylized bowl-shaped cross-section of the East Sea basin, four narrow shallow openings at the rim, deep dark water trapped inside",
58,5,"동해, 미니 대양",398.71,403.05,4.34,P,그래서 해양학자들은 동해를 미니 대양이라고 불러요.,미니 대양,"동해 수중, 빛이 사라지는 심연","Underwater view descending from sunlit surface into pitch black abyss of the East Sea, shafts of light fading, particles drifting, vast and silent",
59,5,"동해, 미니 대양",403.05,410.28,7.22,I,태평양 같은 큰 바다에서 일어나는 심층수 순환이 동해 안에서도 똑같이 일어나거든요.,심층수 순환,표층에서 심층으로 내려가는 화살표 애니메이션,"Ocean circulation diagram, cold surface water sinking at the north, flowing along the seabed and rising again, looping arrows in blue",
60,5,"동해, 미니 대양",410.28,416.97,6.70,P,"표층의 물이 겨울에 차가워져서 가라앉고, 바닥을 돌아서 다시 올라오는 순환이요.",자막 없음,"겨울 동해 표면, 눈보라, 차가운 바다","Winter East Sea surface in a snowstorm, steel gray water with white caps, snow blowing sideways, bitterly cold atmosphere",
61,5,"동해, 미니 대양",416.97,424.37,7.40,I,"다른 대양은 이 순환이 천 년에서 이천 년 걸리는데, 동해는 백 년이면 한 바퀴 돌아요.","대양 1,000~2,000년 / 동해 100년","두 개의 원형 타이머, 2000년 대 100년","Two circular clock-like rings side by side, a huge slow ring and a small fast ring, glowing blue",
62,5,"동해, 미니 대양",424.37,428.18,3.81,I,"게다가 남쪽은 아열대, 북쪽은 아한대예요.","남쪽 아열대, 북쪽 아한대","동해 지도 남북 색 그라데이션, 따뜻한 남쪽 차가운 북쪽",Map of the East Sea with a vertical gradient from warm orange in the south to icy blue in the north,
63,5,"동해, 미니 대양",428.18,435.28,7.10,I,지구 바다에서 일어나는 일을 스무 배 빠른 속도로 보여주는 축소판이 우리 집 앞에 있는 거예요.,지구 바다의 축소판,"지구와 동해를 나란히, 축소판 비유","Small glowing model of the East Sea basin floating beside a dim full globe, scale comparison, minimal",
64,5,"동해, 미니 대양",435.28,440.92,5.64,P,그래서 전 세계 해양학자들이 기후변화 연구하려고 동해로 옵니다.,자막 없음,"해양조사선 갑판, 관측장비 내리는 연구원","Ocean research vessel on the open East Sea at dawn, scientists on deck lowering a cylindrical CTD instrument into dark water, cold steel gray sky",
65,6,"서해, 9미터 조차와 세계 최대 조력발전",440.92,450.50,9.58,I,서해는 정반대예요. 평균 수심이 40미터 정도. 얕아요. 동해 평균 수심의 40분의 1이에요.,"평균 수심 약 40미터, 동해의 40분의 1",동해와 서해 수심 비교 막대,"Two vertical depth bars side by side, one extremely tall and dark, one tiny and pale, labeled by color only",
66,6,"서해, 9미터 조차와 세계 최대 조력발전",450.50,454.29,3.79,P,대신 물이 하루에 두 번 엄청나게 들고 나가요.,하루 두 번,서해 갯벌 조수 타임랩스,"Time-lapse style wide shot of the West Sea coast, tide receding to reveal vast mud flats then rushing back, dramatic sky, long shadows",
67,6,"서해, 9미터 조차와 세계 최대 조력발전",454.29,458.28,3.98,P,인천 앞바다 조차가 최대 9미터가 넘어요.,인천 조차 최대 9미터,부두 기둥 만조와 간조 비교,"Same harbor pier pillar shown at high tide with water near the top and at low tide fully exposed with barnacles, side by side, overcast coastal light",
68,6,"서해, 9미터 조차와 세계 최대 조력발전",458.28,463.05,4.78,I,3층 건물 높이만큼 바다가 오르락내리락하는 거예요.,3층 건물 높이,3층 건물 실루엣과 물 높이 겹치기,"Silhouette of a three-story building beside a rising column of seawater reaching its roofline, simple scale comparison",
69,6,"서해, 9미터 조차와 세계 최대 조력발전",463.05,470.82,7.77,P,추석 무렵 슈퍼문이 뜨면 10미터까지 벌어져요. 세계적으로 조차가 큰 바다로 꼽혀요.,슈퍼문 10미터,바다 위 거대한 보름달,"Enormous full supermoon rising over a dark calm West Sea horizon, moonlight path on the water, fishing boats silhouetted",
70,6,"서해, 9미터 조차와 세계 최대 조력발전",470.82,476.58,5.77,P,"이 힘으로 뭘 하냐면, 시화호에 세계 최대 조력발전소를 돌려요.","시화호 조력발전소, 세계 최대",시화호 조력발전소 항공 뷰,"Aerial view of Sihwa Lake tidal power station, long straight seawall with ten turbine gates, seawater rushing through in white foam, golden hour",
71,6,"서해, 9미터 조차와 세계 최대 조력발전",476.58,485.43,8.85,P,"254메가와트, 1년에 552기가와트시. 인구 50만 도시 하나가 쓰는 전기예요.","254메가와트, 연 552기가와트시, 인구 50만 도시",수문 클로즈업에서 도시 야경으로 디졸브,"Night aerial view of a mid-sized Korean city lighting up block by block, warm window lights spreading outward, viewed from high above",
72,6,"서해, 9미터 조차와 세계 최대 조력발전",485.43,489.06,3.63,P,바닷물이 밀려오고 빠져나가는 것만으로요.,자막 없음,수문 통과하는 물살 클로즈업,"Close-up of turbulent seawater surging through a massive concrete tidal gate, white foam and spray, powerful motion",
73,6,"서해, 9미터 조차와 세계 최대 조력발전",489.06,498.73,9.67,P,원래 시화호는 1990년대에 방조제로 막았다가 물이 썩어서 시궁창 냄새가 난다고 전국 뉴스에 나오던 곳이에요.,"1990년대, 오염된 시화호",1990년대 뉴스 화면 느낌의 오염된 호수,"Murky greenish polluted lake surface with foam and dead fish near a concrete embankment, 1990s news footage look, grainy",
74,6,"서해, 9미터 조차와 세계 최대 조력발전",498.73,508.65,9.92,P,"그걸 수문을 열고 발전소를 얹어서 1년에 바닷물 1억 4,500만 톤을 안팎으로 갈아 넣는 정화 장치로 바꿨어요.","연 1억 4,500만 톤 해수 순환","현재 맑아진 시화호, 수문 열린 모습","Clear blue water of Sihwa Lake today with open tidal gates in the distance, gulls flying, clean bright daylight",
75,6,"서해, 9미터 조차와 세계 최대 조력발전",508.65,511.28,2.63,P,이 얘기도 나중에 다시 나옵니다.,자막 없음,시화호 방조제 위 도로 드라이브 뷰,"Driving view along a long straight seawall road with sea on one side and lake on the other, late afternoon light",
76,7,"남해, 두 해류가 만드는 세계 최고 밀도",511.28,520.66,9.38,I,"남해는 또 달라요. 남쪽에서 따뜻한 대마난류가 올라오고, 북쪽에서 차가운 북한한류가 내려와서 여기서 만나요.","대마난류, 북한한류",지도 위 주황 난류와 파랑 한류 충돌,"Ocean current map illustration, a warm orange current sweeping up from the south and a cold blue current flowing down from the north colliding and swirling around the southern coast of Korea",
77,7,"남해, 두 해류가 만드는 세계 최고 밀도",520.66,525.00,4.34,P,계절마다 어느 쪽이 세냐에 따라 바다 성격이 바뀌어요.,자막 없음,"남해 다도해 항공, 섬 사이 물빛","Aerial view of the South Sea archipelago of Korea, dozens of small green islands scattered on turquoise and deep blue water, soft haze",
78,7,"남해, 두 해류가 만드는 세계 최고 밀도",525.00,532.20,7.20,P,찬물을 따라 내려온 물고기랑 따뜻한 물을 타고 올라온 물고기가 한 바다에 섞이는 거예요.,자막 없음,수중 어류 몽타주,"Underwater scene in the South Sea of Korea, a school of silver fish passing rocky reef covered in colorful soft corals and kelp, sunlight rays from above, vibrant marine life",
79,7,"남해, 두 해류가 만드는 세계 최고 밀도",532.20,536.49,4.29,P,한 바다에서 두 기후대의 생물을 동시에 보는 거죠.,"두 기후대, 한 바다","수중 클로즈업, 산호와 해조류","Underwater close-up of a rocky reef where cold-water kelp and warm-water soft coral grow side by side, fish darting between, clear water",
80,7,"남해, 두 해류가 만드는 세계 최고 밀도",536.49,539.22,2.73,P,그래서 이런 결과가 나옵니다.,자막 없음,"수중에서 수면으로 올라오는 카메라, 빛","Underwater view looking up toward the shimmering sunlit surface of the sea, bubbles rising, bright and hopeful",
81,7,"남해, 두 해류가 만드는 세계 최고 밀도",539.22,550.22,11.00,I,"2000년부터 2010년까지 전 세계 과학자 2,700명이 10년 동안 바다 생물을 센 해양생물센서스라는 게 있어요.","해양생물센서스 2000~2010, 과학자 2,700명",세계지도 위 조사 해역 25곳 점등,"World map with twenty five glowing dots marking ocean survey regions, thin connecting lines, scientific data visualization feel",
82,7,"남해, 두 해류가 만드는 세계 최고 밀도",550.22,554.24,4.02,P,인류 역사상 가장 큰 해양 생물 조사예요.,자막 없음,연구원이 표본병 정리하는 실험실,"Marine biology laboratory with rows of glass specimen jars holding preserved sea creatures, a scientist in the background, cool lab lighting",
83,7,"남해, 두 해류가 만드는 세계 최고 밀도",554.24,561.65,7.41,I,조사한 25개 해역 중에서 면적에 비해 사는 생물 종이 가장 많은 바다가 어디였을까요.,어디였을까요?,지도 위 점들이 깜박이며 대기,"The world map with all twenty five survey dots pulsing softly, none highlighted yet, suspense",
84,7,"남해, 두 해류가 만드는 세계 최고 밀도",561.65,567.78,6.13,I,한국이었어요. 좁은 바다에 이렇게 많은 종이 사는 곳이 없었다는 거예요.,면적 대비 생물 종 수 세계 최고,한국 해역만 금색으로 켜짐,"The same world map now dimmed except the seas around the Korean Peninsula glowing bright gold, radiating light",
85,7,"남해, 두 해류가 만드는 세계 최고 밀도",567.78,572.82,5.03,I,"중국, 남아프리카, 발트해, 멕시코만이 그 뒤였어요.","그 뒤: 중국, 남아프리카, 발트해, 멕시코만",2~5위 지역이 은색으로 켜짐,"World map with Korea glowing gold and four other coastal regions lit in soft silver, minimal",
86,8,대국 비교,572.82,582.34,9.52,I,"정리해 볼게요. 깊은 바다, 얕은 바다, 두 해류가 만나는 바다. 이 세 개가 자동차로 반나절 거리 안에 다 있어요.",반나절 거리,한반도 지도 위 세 바다 아이콘과 자동차 경로,"Map of South Korea with three sea icons on each coast connected by a short glowing road line, compact and dense",
87,8,대국 비교,582.34,588.96,6.62,I,미국은 태평양과 대서양이 있지만 차로 닷새를 달려야 반대편 바다를 봐요.,닷새,미국 횡단 경로 애니메이션,"Flat map of the United States with a long dotted road route stretching from the Pacific coast to the Atlantic coast, tiny car icon",
88,8,대국 비교,588.96,593.85,4.88,P,러시아는 해안선은 길지만 대부분 일 년의 절반이 얼어 있어요.,결빙,북극해 결빙 해안 실사,"Aerial view of a frozen Arctic coastline, cracked white sea ice meeting gray tundra, icy blue tones, vast and desolate",
89,8,대국 비교,593.85,597.42,3.58,I,중국은 바다가 동쪽 한 면에만 있어요.,한 면,중국 지도 동쪽 해안만 하이라이트,"Flat map of China with only its eastern coastline glowing, the vast interior dim",
90,8,대국 비교,597.42,605.35,7.92,P,우리는 아침에 동해에서 해 보고 저녁에 서해에서 해 지는 걸 봐요. 강릉에서 인천까지 세 시간이에요.,"아침 동해, 저녁 서해, 3시간","좌우 분할, 동해 일출과 서해 일몰","Diptych, left panel a fiery sunrise over the calm East Sea horizon with rocky shore, right panel a soft orange sunset over West Sea mud flats, matching horizon lines",
91,8,대국 비교,605.35,611.22,5.87,P,"이게 그 미국 친구가 말한 거였어요. 없는 게 아니라, 다 모여 있는 거.",다 모여 있는 거,카페 지도 장면 짧은 회상,"Paper map of South Korea on a wooden table with small pebbles placed on it marking spots, warm light, shallow focus",
92,9,"갯벌, 세계 5대",611.22,615.87,4.65,P,"그리고 이제, 오늘 영상의 주인공이에요. 서해 갯벌.",서해 갯벌,암전 후 갯벌 광각 드론 등장,"Vast Korean tidal flat at low tide stretching to the horizon, intricate branching mud channel patterns reflecting a pale sky, wide aerial drone shot",
93,9,"갯벌, 세계 5대",615.87,625.73,9.86,I,"갯벌이 생기려면 조건이 세 개 맞아야 해요. 바다가 얕아야 하고, 조차가 커야 하고, 강이 진흙을 계속 실어 와야 해요.",얕은 수심 + 큰 조차 + 강의 퇴적물,세 조건 아이콘이 하나씩 체크,"Three minimal icons in a row, shallow wave line, tall tide arrow, winding river, each lighting up in turn",
94,9,"갯벌, 세계 5대",625.73,633.69,7.96,P,"서해는 이 셋이 다 있어요. 얕고, 9미터 조차에, 한강 금강 영산강이 진흙을 쏟아부어요.","한강, 금강, 영산강",강 하구에서 바다로 퍼지는 퇴적물 항공,"Aerial view of a wide muddy river mouth fanning out into the sea, brown sediment plumes swirling into pale green water, delta patterns",
95,9,"갯벌, 세계 5대",633.69,638.74,5.05,I,그래서 세계에서 갯벌이 큰 곳 다섯 군데 중 하나가 됐어요.,세계 5대 갯벌,세계지도에 5곳 순차 표시,"World map with five coastal regions highlighted in amber, Europe North Sea, US east coast, Canada east coast, Amazon estuary, and Korea west coast",
96,9,"갯벌, 세계 5대",638.74,646.12,7.38,P,"유럽 북해 연안, 미국 동부, 캐나다 동부, 아마존 강 하구, 그리고 한국 서남해안.","북해, 미국 동부, 캐나다 동부, 아마존, 한국","각 지역 갯벌 실사 빠른 몽타주, 마지막 한국","Aerial view of the Wadden Sea tidal flats in Europe, gray-brown mud channels and sandbars under a pale northern sky",
97,9,"갯벌, 세계 5대",646.12,657.03,10.90,I,"다른 네 곳은 대륙 규모 해안선이 만든 거예요. 우리는 10만 제곱킬로미터 안에 2,482제곱킬로미터를 갖고 있어요.","2,482제곱킬로미터",한반도 지도 서남해안 갯벌 갈색 채움,"Map of South Korea with the entire western and southern coastline fringed in rich brown tidal flat areas, glowing softly",
98,9,"갯벌, 세계 5대",657.03,665.39,8.36,I,국토의 2.5퍼센트가 갯벌인 나라입니다. 서울 면적의 네 배가 하루 두 번 물에 잠기고 다시 드러나요.,"국토의 2.5퍼센트, 서울의 4배",서울 면적 네 개와 갯벌 면적 비교 그래픽,"Four identical city outline shapes placed beside a larger brown tidal flat shape for size comparison, minimal",
99,10,갯벌이 하는 일,665.39,676.81,11.43,P,이 갯벌이 하는 일을 볼게요. 서울대 김종성 교수팀이 2017년부터 4년 동안 전국 갯벌 스무 곳의 흙을 파서 분석했어요.,"2017~2020, 전국 갯벌 20곳",연구원들이 장화 신고 갯벌에서 코어 채취,"Marine researchers in rubber boots and waders kneeling on a tidal flat, pushing a clear sediment core tube into dark mud, overcast sky, field science documentary",
100,10,갯벌이 하는 일,676.81,682.41,5.60,P,"진흙 속에 탄소가 얼마나 쌓여 있는지, 매년 얼마나 새로 쌓이는지요.",자막 없음,"채취한 퇴적물 코어 튜브 클로즈업, 층이 보임","Close-up of a clear plastic sediment core tube held up against the sky, dark layered mud visible inside, muddy gloved hands",
101,10,갯벌이 하는 일,682.41,687.53,5.12,I,"그 결과 우리 갯벌에 탄소 1,300만 톤이 묻혀 있고,","탄소 1,300만 톤 저장","갯벌 단면 그래픽, 진흙층 깊숙이 검은 탄소층",Scientific cross-section illustration of tidal flat sediment layers with thick dark carbon-rich strata deep below the surface,
102,10,갯벌이 하는 일,687.53,695.13,7.60,I,매년 26만 톤의 이산화탄소를 새로 빨아들이고 있다는 걸 세계 최초로 밝혔어요.,"연 26만 톤 흡수, 세계 최초",물속 탄소 입자가 진흙으로 가라앉는 애니메이션,"Dark carbon particles drifting down through blue-green water and settling onto a mud surface, soft glow, illustration",
103,10,갯벌이 하는 일,695.13,699.93,4.80,P,국가 단위로 갯벌 탄소를 계산한 게 우리가 처음이에요.,세계 최초,국제 학술지 논문 첫 페이지 느낌,"Close-up of a scientific journal article page with graphs and a map of a coastline, blurred text, resting on a desk",
104,10,갯벌이 하는 일,699.93,709.88,9.95,P,"26만 톤이 어느 정도냐면, 승용차 11만 대가 1년 내내 뿜는 양이에요. 그걸 그냥 진흙이 먹는 거예요.",승용차 11만 대분,"거대한 주차장 항공, 이어서 갯벌로 디졸브","Aerial top-down view of an enormous parking lot packed with tens of thousands of cars in neat rows extending beyond the frame, hazy afternoon light",
105,10,갯벌이 하는 일,709.88,716.18,6.30,I,"인터넷에 20만 대라고 쓴 글도 있는데, 연구 원문은 11만 대예요.","20만 대 아님, 11만 대","20만에 취소선, 11만 강조","Two numeric-style glowing blocks side by side, the larger one crossed out in red, the smaller one highlighted green, no actual digits",
106,10,갯벌이 하는 일,716.18,722.83,6.65,P,게다가 숲이랑 달라요. 숲은 나무가 죽거나 산불이 나면 탄소를 다시 내놓아요.,자막 없음,산불 연기 장면,"Forest fire on a Korean mountainside at night, orange flames and thick smoke rising, silhouettes of pine trees",
107,10,갯벌이 하는 일,722.83,732.00,9.17,P,갯벌은 진흙 속에 수천 년 가둬 둡니다. 그래서 요즘 이걸 블루카본이라고 부르고 전 세계가 주목하고 있어요.,블루카본,"고요한 갯벌 황혼, 블루카본 텍스트","Calm dark tidal flat under deep blue dusk light, thin ribbons of water reflecting the sky, utterly still",
108,10,갯벌이 하는 일,732.00,742.98,10.98,P,"생물은요. 이 갯벌에 2,446종이 살아요. 새만 216종이고 그중 24종이 국제 멸종위기종이에요.","2,446종, 조류 216종, 멸종위기 24종","갯벌 생물 몽타주 시작, 새 실루엣","Group of long-legged shorebirds wading in shallow water on a Korean tidal flat, reflections, soft morning light, telephoto",
109,10,갯벌이 하는 일,742.98,750.35,7.37,P,"게, 낙지, 짱뚱어, 갯지렁이 같은 바닥 생물만 1,349종이에요.","저서동물 1,349종","칠게, 짱뚱어, 낙지 매크로 빠른 컷","Macro shot of a small fiddler crab with one oversized claw on wet Korean mud flat, tiny air holes around it, shallow focus, soft daylight",
110,10,갯벌이 하는 일,750.35,755.38,5.03,P,특히 새요. 서천 앞바다에 유부도라는 작은 섬이 있어요.,서천 유부도,"유부도 위치 지도 줌인, 섬 항공","Small flat island surrounded by vast exposed tidal flats at low tide, seen from a high drone angle, thin channels of water glinting",
111,10,갯벌이 하는 일,755.38,763.74,8.36,P,"동아시아에서 호주까지 오가는 도요물떼새가 63종인데, 그중 24종이 이 섬 하나에 내려앉아요.",63종 중 24종,도요새 무리 실사,"Dense flock of sandpipers and plovers resting on a mud flat, hundreds of small birds packed together, soft overcast light, telephoto",
112,10,갯벌이 하는 일,763.74,766.91,3.16,P,멸종위기종만 17종이에요.,멸종위기 17종,넓적부리도요 한 마리 클로즈업,"Close-up of a tiny spoon-billed sandpiper standing on wet mud, distinctive flattened bill tip, shallow focus, soft light",
113,10,갯벌이 하는 일,766.91,772.75,5.84,I,시베리아나 알래스카에서 번식하고 호주나 뉴질랜드에서 겨울을 나는 새들이에요.,시베리아 → 서해 갯벌 → 호주,"이동 경로 지도, 시베리아에서 호주로",Map of the western Pacific with a long glowing migration arc from Siberia and Alaska down through Korea to Australia and New Zealand,
114,10,갯벌이 하는 일,772.75,779.87,7.12,P,그 사이 수천 킬로미터를 날아오다가 딱 한 번 내려서 먹고 쉬는 데가 우리 서해 갯벌이에요.,자막 없음,지친 도요새가 갯벌에 내려앉아 먹이 찾는 클로즈업,"Close-up of a single exhausted shorebird probing wet mud with its long bill on a Korean tidal flat, soft dawn light, telephoto",
115,10,갯벌이 하는 일,779.87,784.80,4.93,P,우리 갯벌이 없어지면 그 새들은 태평양 위에서 떨어져요.,자막 없음,도요새 수천 마리 이륙,"Thousands of migratory shorebirds lifting off together from a Korean tidal flat at dawn, dense swirling flock against a pale pink and gold sky, wildlife documentary photography",
116,10,갯벌이 하는 일,784.80,793.24,8.44,I,돈으로 따지면요. 정부가 2003년에 계산한 게 1제곱킬로미터당 연 39억 원이에요.,1제곱킬로미터당 연 39억 원,갯벌 위에 1제곱킬로미터 격자 하이라이트,"Aerial view of a tidal flat with a single glowing square grid cell overlaid on the mud, the rest dimmed",
117,10,갯벌이 하는 일,793.24,796.54,3.30,P,전체로 하면 1년에 10조 원.,연 10조 원,"어민들이 조개 채취하는 실사, 카운터","Fisherwomen in wide hats harvesting clams and octopus on a glistening Korean mud flat, baskets and small sleds, late afternoon light",
118,10,갯벌이 하는 일,796.54,804.30,7.76,I,"수산물, 정화, 재해 방지, 관광을 다 합친 값이에요. 그냥 거기 있기만 해도요.",수산물 / 정화 / 방재 / 관광,"네 아이콘, 이어서 갯벌 노을","Four minimal icons in a row, fish, water filter drop, shield with wave, camera, glowing softly",
119,11,"유네스코, 두 번의 인정",804.30,811.77,7.47,I,그래서 2021년 7월에 유네스코가 한국의 갯벌을 세계자연유산으로 올렸어요.,"2021년 7월 26일, 세계자연유산",서남해안 지도에 4곳 금색 점등,"Map of the southwestern coast of Korea with four tidal flat regions lighting up in gold one after another, elegant heritage emblem style",
120,11,"유네스코, 두 번의 인정",811.77,816.57,4.80,P,"서천, 고창, 신안, 보성-순천 네 곳이었어요.","서천, 고창, 신안, 보성-순천",네 지역 갯벌 실사 빠른 몽타주,"Aerial view of Suncheon Bay tidal flat with circular reed islands and winding channels at sunset, iconic Korean wetland",
121,11,"유네스코, 두 번의 인정",816.57,822.12,5.55,P,제주 화산섬 이후 14년 만에 나온 우리나라 두 번째 자연유산이에요.,두 번째 자연유산,제주 성산일출봉과 갯벌 나란히,"Diptych, left the volcanic tuff cone of Seongsan Ilchulbong on Jeju at sunrise, right a golden tidal flat, both in warm light",
122,11,"유네스코, 두 번의 인정",822.12,830.61,8.49,P,"그런데 그때 유네스코가 조건을 하나 달았어요. 이거 좋은데, 범위가 너무 좁다. 더 넓혀서 다시 오라고.",범위를 넓혀서 다시 오라,결정문 문서에 하이라이트,"Close-up of an official document page with a highlighted paragraph, formal serif typography blurred, a fountain pen resting beside",
123,11,"유네스코, 두 번의 인정",830.61,833.30,2.69,P,그래서 5년을 준비했어요.,5년의 준비,"현장 실사, 조사원들이 갯벌 걷는 모습","Group of surveyors in field vests walking across a wide tidal flat carrying clipboards and tripods, overcast sky, distant horizon",
124,11,"유네스코, 두 번의 인정",833.30,842.27,8.97,P,"그리고 올해, 2026년 7월 25일에 부산에서 열린 제48차 세계유산위원회에서","2026년 7월 25일, 부산",부산 해안 스카이라인과 회의장 외관,"Busan coastal skyline at dusk with a large modern convention center lit up along the waterfront, calm sea",
125,11,"유네스코, 두 번의 인정",842.27,845.63,3.36,P,범위를 넓히는 게 확정됐습니다.,"제48차 세계유산위원회, 확대 등재 확정","회의장, 의사봉 내리는 순간","Large international conference hall with rows of delegates at curved desks, country name plates, a giant screen at the front, a gavel coming down at the podium, formal lighting",
126,11,"유네스코, 두 번의 인정",845.63,855.09,9.46,I,"여수, 고흥, 무안, 서산 갯벌이 추가돼서 6개 구성요소, 유산구역 15만 6천 헥타르가 됐어요.","6개 구성요소, 15만 6,386헥타르",지도에서 4곳이 6개 구성요소로 확장,"The same southwestern Korea map, golden heritage zones expanding outward and merging into six larger glowing regions",
127,11,"유네스코, 두 번의 인정",855.09,863.34,8.25,P,우리나라에서 열린 회의에서 우리 갯벌이 넓어진 거예요. 그 회의장에 앉아 있던 각국 대표들이 손을 들어서요.,"부산에서, 우리 손으로","회의장 박수, 대표단 미소","Delegates in a conference hall applauding, some standing, warm stage lighting, blurred flags in the background",
128,12,"반전 하나, 편애받은 땅이 아니었다",863.34,873.59,10.25,P,"여기까지 들으면 진짜 신이 편애한 것 같죠. 심은 숲, 깨끗한 물, 조용한 자리, 세 가지 바다, 세계 최고 갯벌.",자막 없음,앞선 하이라이트 4컷 빠른 재생,"Four-panel grid of Korean landscapes, forest, spring water, deep sea, tidal flat, all in warm saturated light",
129,12,"반전 하나, 편애받은 땅이 아니었다",873.59,875.90,2.31,P,그런데 이제 그 반전이에요.,그런데,화면이 급격히 차가운 톤으로 빠짐,"Four-panel grid of Korean landscapes, forest, spring water, deep sea, tidal flat, colors draining to cold desaturated blue-gray, cinematic mood shift",
130,12,"반전 하나, 편애받은 땅이 아니었다",875.90,882.22,6.32,P,이 땅은 편애받은 땅이 아니에요. 아까 산림 얘기할 때 기억해 두라고 했잖아요.,기억하시죠,"컷 회상, 민둥산 흑백","Black and white barren Korean hillside from the 1950s, faint and grainy, slowly fading in from black",
131,12,"반전 하나, 편애받은 땅이 아니었다",882.22,889.41,7.18,P,우리 숲은 신이 준 게 아니라 우리 부모님 세대가 65억 그루를 손으로 심어서 만든 거예요.,"65억 그루, 손으로 심은 숲",노인의 손에 든 묘목 클로즈업,"Close-up of weathered elderly Korean hands gently holding a small pine seedling with soil on the roots, soft overcast light, shallow depth of field",
132,12,"반전 하나, 편애받은 땅이 아니었다",889.41,894.51,5.10,P,"원래 있던 걸 지킨 게 아니라, 다 잃은 다음에 다시 만든 거예요.",다 잃은 다음에 다시 만든,그 손이 심은 자리에 자란 큰 소나무,"Tall mature pine tree on a green hillside, an elderly person standing small beside its trunk looking up, soft light",
133,12,"반전 하나, 편애받은 땅이 아니었다",894.51,898.21,3.70,P,그리고 갯벌은요. 이게 더 아픈 얘기예요.,자막 없음,갯벌 위 어두운 구름,"Dark storm clouds gathering low over a wide gray tidal flat, a thin line of light at the horizon, ominous",
134,12,"반전 하나, 편애받은 땅이 아니었다",898.21,910.11,11.90,I,1987년부터 1997년까지 딱 10년 동안 간척 사업으로 갯벌 810제곱킬로미터가 사라졌어요.,"1987~1997, 810제곱킬로미터 소멸",서해안 지도에 사라진 갯벌 붉게 표시,"Map of Korea's west coast with large red hatched zones marking vanished tidal flats and only a thin brown fringe remaining, stark contrast",
135,12,"반전 하나, 편애받은 땅이 아니었다",910.11,915.32,5.22,I,지금 남은 갯벌의 3분의 1이 10년 만에 없어진 거예요.,3분의 1,갯벌 면적 파이 그래픽에서 3분의 1이 떨어져 나감,"Circular brown shape with one third breaking away and crumbling into red fragments, minimal",
136,12,"반전 하나, 편애받은 땅이 아니었다",915.32,925.52,10.20,P,"새만금이에요. 1991년에 첫 삽을 떠서 2010년에 끝났어요. 19년, 2조 9천억 원.","새만금, 1991~2010, 19년, 2조 9천억 원","새만금 공사 현장, 덤프트럭과 준설선","Massive coastal construction site with dump trucks and dredgers piling rock into the sea, gray water, industrial haze",
137,12,"반전 하나, 편애받은 땅이 아니었다",925.52,933.96,8.44,P,길이 33.9킬로미터. 네덜란드 방조제를 제치고 세계에서 가장 긴 방조제로 기네스북에 올랐어요.,"33.9킬로미터, 세계 최장","새만금 방조제 항공, 직선이 수평선까지","Aerial view of the Saemangeum seawall, a perfectly straight concrete line dividing brown dry reclaimed land from the open gray sea, stretching to the horizon, overcast sky",
138,12,"반전 하나, 편애받은 땅이 아니었다",933.96,938.57,4.61,P,그 안에 있던 연안습지가 401제곱킬로미터예요.,연안습지 401제곱킬로미터,"매립지 내부, 마른 진흙과 죽은 조개껍데기","Cracked dry mud of a former tidal flat behind a seawall, scattered bleached clam shells, no water in sight, harsh flat light, somber",
139,12,"반전 하나, 편애받은 땅이 아니었다",938.57,946.21,7.63,I,지금 유네스코에 올라간 갯벌 유산구역의 4분의 1이 넘는 크기가 한 사업으로 없어진 거예요.,유산구역의 4분의 1 이상,유산구역 면적과 새만금 면적 비교 그래픽,"Large golden shape beside a red shape about a quarter of its size, simple area comparison, minimal",
140,12,"반전 하나, 편애받은 땅이 아니었다",946.21,954.54,8.33,P,시화호도 같은 시기예요. 아까 조력발전소 얘기했잖아요. 그거 원래 갯벌 막아서 만든 호수예요.,시화호,"시화호 방조제 항공, 호수와 바다 반반","Wide aerial view of Sihwa Lake seawall at dusk, tidal gates open with water flowing through, half the frame lake and half sea, contemplative mood",
141,12,"반전 하나, 편애받은 땅이 아니었다",954.54,965.30,10.76,P,"물이 썩어서 결국 바닷물을 다시 들여야 했고, 그 과정에서 발전소가 나온 거예요. 성공 사례처럼 보이지만 출발은 실패였어요.",실패에서 나온 성공,오염 시절 사진에서 현재 발전소로 디졸브,"Split image, left a murky polluted lake shoreline in grainy 1990s tones, right the same shoreline today with clear water and a tidal power plant, seamless center",
142,12,"반전 하나, 편애받은 땅이 아니었다",965.30,973.00,7.70,I,네이처에 실린 연구를 보면 황해 갯벌은 지난 30년간 28퍼센트가 줄었어요.,황해 갯벌 30년간 28퍼센트 감소,위성 사진 1984 대 2016 비교,"Two satellite images of the same Yellow Sea coastline side by side, 1980s with wide brown tidal flats and 2010s with straight seawalls and reclaimed land",
143,12,"반전 하나, 편애받은 땅이 아니었다",973.00,979.94,6.94,I,전 세계 갯벌이 16퍼센트 줄었는데 우리 바다는 거의 두 배 속도로 사라진 거예요.,세계 16퍼센트 / 황해 28퍼센트,막대그래프 16 대 28,"Two downward-pointing bar shapes, one modest and gray, one nearly twice as long and red, minimal",
144,12,"반전 하나, 편애받은 땅이 아니었다",979.94,984.39,4.45,P,우리가 지금 자랑하는 유네스코 갯벌은 그 나머지예요.,그 나머지,"남은 갯벌 실사, 좁아진 해안선","Narrow strip of tidal flat squeezed between a concrete seawall and the sea, viewed from above, muted colors",
145,12,"반전 하나, 편애받은 땅이 아니었다",984.39,987.05,2.66,P,간척은 원래 오래된 일이에요.,간척,강화도 옛 제방과 논 항공,"Aerial view of old earthen dikes and rice paddies along the Ganghwa Island coast, patchwork fields meeting the sea, soft light",
146,12,"반전 하나, 편애받은 땅이 아니었다",987.05,996.50,9.44,P,고려사에 1256년 강화도에서 둑을 쌓아 땅을 만들었다는 기록이 있어요. 800년 전부터 했어요.,"1256년 강화도, 800년 전",고려사 고문서 이미지,"Ancient Korean manuscript page with vertical brush calligraphy on aged hanji paper, soft candlelight, shallow focus",
147,12,"반전 하나, 편애받은 땅이 아니었다",996.50,1003.75,7.25,P,"다만 그때는 삽으로 했고, 1990년대엔 중장비로 했다는 게 다른 거예요.",삽 / 중장비,삽 든 농부 실루엣과 대형 굴착기 대비,"Split image, left a lone farmer with a wooden shovel on an earthen dike in sepia, right a giant modern excavator on a concrete seawall, stark contrast",
148,13,"반전 둘, 아직 조용한 땅",1003.75,1014.16,10.41,I,"물도 그래요. 비는 세계 평균의 1.6배 오는데, 사람이 많아서 1인당으로 나누면 세계 평균의 17퍼센트밖에 안 돼요.",1인당 강수량 세계 평균 17퍼센트,빗방울 그래픽이 인구 아이콘 위로 나뉘어 작아짐,"Large water drop shape dividing into many tiny droplets over a dense crowd of small human icons, minimal",
149,13,"반전 둘, 아직 조용한 땅",1014.16,1022.44,8.28,I,그리고 그 비의 절반 이상이 여름 두 달에 몰려서 와요. 겨울엔 연간 강수량의 10분의 1도 안 돼요.,"여름 집중, 겨울 10분의 1 미만",월별 강수량 그래프가 여름에만 치솟음,"Twelve vertical bars with two towering in the middle and the rest tiny, blue gradient, minimal bar chart shape",
150,13,"반전 둘, 아직 조용한 땅",1022.44,1026.10,3.65,P,유엔 기준으로 우리는 물 스트레스 국가예요.,물 스트레스 국가,말라붙은 저수지 바닥,"Cracked dry reservoir bed with a stranded small boat, receding water line visible on the far bank, harsh midday sun",
151,13,"반전 둘, 아직 조용한 땅",1026.10,1030.50,4.41,I,지진도요. 아까 판 안쪽이라 조용하다고 했죠.,지진,"판 경계 지도 회상, 한반도 판 내부","Tectonic plate map of East Asia, the Korean Peninsula sitting inside the Eurasian plate, cool calm blue tones",
152,13,"반전 둘, 아직 조용한 땅",1030.50,1038.36,7.85,I,그런데 지난 8월에 학자들이 이렇게 경고했어요. 판 안쪽이라는 게 바로 긴장해야 할 이유라고.,판 내부가 긴장해야 할 이유,같은 지도가 경고색으로 바뀜,"Tectonic map of East Asia, the Korean Peninsula inside the Eurasian plate pulsing with a faint orange warning glow",
153,13,"반전 둘, 아직 조용한 땅",1038.36,1047.64,9.28,I,"서쪽에서 인도판이 밀고, 동쪽에서 태평양판이 밀고, 그 힘이 한반도 안에 있는 오래된 단층에 조금씩 쌓이고 있대요.",판 내부 응력 축적,"양쪽 화살표가 한반도를 압박, 단층선 발광","Tectonic map of East Asia with large arrows pressing inward on the Korean Peninsula from the Indian plate in the west and the Pacific plate in the east, faults glowing faintly orange",
154,13,"반전 둘, 아직 조용한 땅",1047.64,1050.97,3.34,P,"경주, 포항 지진이 그 신호였어요.","경주 2016, 포항 2017","지진계 그래프, 균열 난 건물 벽","Cracked exterior wall of a Korean apartment building with fallen bricks on the ground, overcast light, aftermath of an earthquake",
155,13,"반전 둘, 아직 조용한 땅",1050.97,1055.87,4.90,P,"그러니까 이 땅은 조용한 땅이 아니라, 아직 조용한 땅이에요.","조용한 땅이 아니라, 아직 조용한 땅",검은 화면에 문장 하나만,"Pure black background with a single thin white horizontal line of light in the center, minimalist, cinematic void, subtle film grain",
156,14,클로징,1055.87,1064.79,8.92,P,"그러니까 이 땅의 진짜 가치는 이거예요. 신이 준 게 아니라, 망가졌던 걸 다시 살려낸 기록이 있는 땅이라는 거.",신이 준 게 아니라 살려낸 땅,"따뜻한 톤 복귀, 숲과 갯벌 해안선 골든아워 드론","Golden hour aerial shot where dense green Korean forest slopes meet a shimmering tidal flat coastline, warm hopeful light, cinematic wide shot",
157,14,클로징,1064.79,1075.13,10.33,P,"숲을 없던 데서 만들어 봤고, 썩은 호수를 발전소로 바꿔 봤고, 갯벌도 반이 사라진 뒤에 남은 걸 세계유산으로 지켜냈어요.",숲 / 시화호 / 갯벌,"숲, 시화호, 갯벌 3컷 따뜻하게 재등장","Triptych of Korean landscapes in warm light, a dense pine forest, a tidal power seawall at sunset, and a golden tidal flat with birds, unified color grade",
158,14,클로징,1075.13,1080.19,5.06,I,"그 세 가지를 다 해본 나라, 저는 다른 나라를 못 찾았어요.",자막 없음,세계지도 위 한국만 따뜻한 빛,"World map in soft gray with South Korea alone glowing warm gold, gentle light spreading outward",
159,14,클로징,1080.19,1084.50,4.31,P,그 미국 친구한테 이제 대답할 수 있을 것 같아요.,자막 없음,카페 지도 장면 복귀,"Same wooden cafe table with the paper map of South Korea, now a Korean hand pointing at the west coast, two coffee cups, warm late afternoon window light, shallow depth of field",
160,14,클로징,1084.50,1093.57,9.07,P,"작은데 많이 들어 있는 게 아니라, 작으니까 하나도 버리지 않고 다 살려 쓴 거라고요. 그리고 아직 다 살린 건 아니라고요.",하나도 버리지 않고 다 살려 쓴 땅,"지도 위 손이 갯벌 지역을 가리키고, 창밖 노을","Close-up of a Korean hand resting on a paper map of the west coast of Korea, sunset light through a cafe window casting long warm shadows",
161,14,클로징,1093.57,1103.24,9.67,P,여러분은 우리 땅에서 가장 아까운 게 뭐라고 생각하세요. 댓글로 남겨 주시면 다음 영상에서 그 주제로 찾아보겠습니다.,댓글로 알려주세요,"댓글 아이콘 모션, 배경은 갯벌 노을","Lone fisherwoman silhouette pushing a small sled across glistening Korean mud flats at sunset, long reflection, orange and purple sky",
162,14,클로징,1103.24,1110.91,7.67,P,"다음 영상에서는 이 갯벌 810제곱킬로미터가 사라지던 10년 동안 무슨 일이 있었는지,",다음 영상,"새만금 공사 아카이브 느낌, 트럭 행렬","Long line of dump trucks driving along an unfinished seawall into the sea at dusk, construction dust, 1990s documentary feel",
163,14,클로징,1110.91,1114.29,3.37,P,새만금의 진짜 이야기를 다뤄 볼게요.,다음 영상: 새만금의 진짜 이야기,"다음 영상 예고 카드, 새만금 방조제 황혼","Aerial view of the Saemangeum seawall at dusk with dramatic clouds, moody teaser atmosphere, space left on both sides for overlay elements, cinematic wide shot",
164,14,클로징,1114.29,1120.63,6.35,P,구독하시면 놓치지 않고 보실 수 있어요. 오늘도 봐 주셔서 감사합니다.,구독,"엔드 스크린, 구독 버튼 모션","Soft-focus golden tidal flat at dusk with a calm sky, large empty areas left for end-screen overlays, warm and quiet",
